<DATE>	<OPEN>	<HIGH>	<LOW>	<CLOSE>	<TICKVOL>	<VOL>	<SPREAD>
2011.03.20	0.83	0.90	0.82	0.85	30584	0	0
2011.03.27	0.83	0.87	0.76	0.78	37889	0	0
2011.04.03	0.78	0.80	0.56	0.73	94677	0	0
2011.04.10	0.73	1.09	0.71	1.05	222091	0	0
2011.04.17	1.05	1.95	1.03	1.70	230933	0	0
2011.04.24	1.70	4.15	1.52	3.50	315363	0	0
2011.05.01	3.50	3.87	2.50	3.64	154499	0	0
2011.05.08	3.64	8.90	3.63	7.20	292553	0	0
2011.05.15	7.00	8.50	5.58	6.12	223190	0	0
2011.05.22	6.12	9.33	5.99	8.30	207804	0	0
2011.05.29	8.30	18.89	8.10	18.89	272942	0	0
2011.06.05	18.89	31.91	13.00	14.65	515020	0	0
2011.06.12	14.65	24.99	10.25	16.89	481842	0	0
2011.06.19	16.85	18.88	16.85	17.51	30176	0	0
2011.06.26	17.51	18.00	14.01	15.40	179644	0	0
2011.07.03	15.40	16.50	11.00	14.38	366194	0	0
2011.07.10	14.38	15.69	13.50	13.72	190882	0	0
2011.07.17	13.72	14.70	12.51	13.68	263661	0	0
2011.07.24	13.69	14.72	13.31	13.53	132600	0	0
2011.07.31	13.53	14.90	5.74	6.55	398270	0	0
2011.08.07	6.53	12.10	6.01	10.13	392063	0	0
2011.08.14	10.13	11.89	9.62	11.45	172349	0	0
2011.08.21	11.45	11.51	7.64	8.59	226798	0	0
2011.08.28	8.59	9.48	8.01	8.48	112888	0	0
2011.09.04	8.48	8.49	4.18	4.77	476412	0	0
2011.09.11	4.77	7.40	4.44	4.77	413357	0	0
2011.09.18	4.76	6.79	4.72	5.47	384635	0	0
2011.09.25	5.47	5.49	4.63	5.03	199840	0	0
2011.10.02	5.03	5.10	3.78	4.00	253056	0	0
2011.10.09	4.01	4.45	3.71	3.84	247133	0	0
2011.10.16	3.84	3.90	2.04	3.16	675342	0	0
2011.10.23	3.16	3.83	2.44	3.58	450691	0	0
2011.10.30	3.58	3.65	2.85	2.97	268867	0	0
2011.11.06	2.97	3.21	2.80	3.03	252919	0	0
2011.11.13	3.03	3.05	1.99	2.20	806150	0	0
2011.11.20	2.20	2.56	2.15	2.47	363450	0	0
2011.11.27	2.47	3.14	2.42	2.80	609044	0	0
2011.12.04	2.79	3.13	2.61	3.05	388450	0	0
2011.12.11	3.06	3.38	2.99	3.20	329698	0	0
2011.12.18	3.18	4.50	3.17	3.94	478616	0	0
2011.12.25	3.94	5.00	3.78	4.72	457488	0	0
2012.01.01	4.71	7.22	4.62	6.81	882791	0	0
2012.01.08	6.81	7.20	5.81	6.75	757491	0	0
2012.01.15	6.75	7.19	4.64	6.18	871355	0	0
2012.01.22	6.18	6.46	5.05	5.63	560590	0	0
2012.01.29	5.63	6.20	5.33	5.87	386996	0	0
2012.02.05	5.87	6.00	5.30	5.60	720246	0	0
2012.02.12	5.60	5.85	3.88	4.22	1084430	0	0
2012.02.19	4.22	5.20	4.18	4.77	595569	0	0
2012.02.26	4.77	5.10	4.51	4.62	403636	0	0
2012.03.04	4.61	5.07	4.61	4.83	334216	0	0
2012.03.11	4.83	5.45	4.81	5.21	367581	0	0
2012.03.18	5.22	5.34	4.50	4.68	475772	0	0
2012.03.25	4.68	4.95	4.30	4.91	365397	0	0
2012.04.01	4.91	5.08	4.69	4.69	419082	0	0
2012.04.08	4.69	5.03	4.62	4.96	404701	0	0
2012.04.15	4.96	5.48	4.86	5.26	385926	0	0
2012.04.22	5.26	5.33	4.85	4.98	367908	0	0
2012.04.29	4.98	5.18	4.87	5.08	308509	0	0
2012.05.06	5.08	5.12	4.80	4.95	326573	0	0
2012.05.13	4.95	5.15	4.90	5.10	282743	0	0
2012.05.20	5.10	5.17	5.05	5.11	220519	0	0
2012.05.27	5.10	5.28	5.01	5.25	243836	0	0
2012.06.03	5.25	5.70	5.18	5.56	327540	0	0
2012.06.10	5.56	6.60	5.43	6.40	379736	0	0
2012.06.17	6.40	6.80	6.03	6.43	335922	0	0
2012.06.24	6.43	6.69	6.22	6.69	276989	0	0
2012.07.01	6.69	6.87	6.40	6.76	283990	0	0
2012.07.08	6.76	7.90	6.72	7.55	345303	0	0
2012.07.15	7.54	9.70	7.32	8.85	789937	0	0
2012.07.22	8.85	9.20	7.75	8.89	357333	0	0
2012.07.29	8.89	11.30	8.70	10.98	461051	0	0
2012.08.05	10.98	12.01	10.11	11.51	379142	0	0
2012.08.12	11.51	15.40	10.60	11.61	591620	0	0
2012.08.19	11.58	11.62	7.58	10.52	759263	0	0
2012.08.26	10.60	12.15	9.66	9.97	431987	0	0
2012.09.02	9.97	11.29	9.72	11.04	270446	0	0
2012.09.09	11.04	11.80	10.78	11.75	259990	0	0
2012.09.16	11.75	12.69	11.72	12.24	223107	0	0
2012.09.23	12.24	12.49	11.63	12.36	174982	0	0
2012.09.30	12.36	13.09	12.30	12.50	210266	0	0
2012.10.07	12.51	12.62	10.62	11.86	289154	0	0
2012.10.14	11.86	12.03	11.43	11.74	181882	0	0
2012.10.21	11.74	12.00	9.74	10.26	354651	0	0
2012.10.28	10.26	11.28	10.25	10.64	218223	0	0
2012.11.04	10.64	11.22	10.51	10.90	156693	0	0
2012.11.11	10.89	11.80	10.70	11.79	202381	0	0
2012.11.18	11.79	12.48	11.57	12.42	183978	0	0
2012.11.25	12.41	12.69	11.89	12.57	189390	0	0
2012.12.02	12.56	13.69	12.43	13.42	246818	0	0
2012.12.09	13.42	13.91	13.00	13.49	229503	0	0
2012.12.16	13.49	13.72	12.75	13.37	241499	0	0
2012.12.23	13.37	13.67	13.01	13.40	160551	0	0
2012.12.30	13.41	13.59	13.16	13.44	153976	0	0
2013.01.06	13.44	14.35	13.36	14.24	250144	0	0
2013.01.13	14.24	15.99	13.95	15.62	319693	0	0
2013.01.20	15.62	19.19	15.39	17.88	532579	0	0
2013.01.27	17.88	21.43	17.21	19.63	705517	0	0
2013.02.03	19.70	23.99	19.42	23.65	788080	0	0
2013.02.10	23.80	27.60	21.72	27.22	985439	0	0
2013.02.17	27.22	31.30	25.00	29.80	888276	0	0
2013.02.24	29.80	34.90	29.20	34.25	695409	0	0
2013.03.03	34.25	49.10	33.30	46.85	852107	0	0
2013.03.10	46.61	48.47	36.65	47.00	966583	0	0
2013.03.17	47.00	74.90	46.80	64.35	1044635	0	0
2013.03.24	64.35	95.70	62.70	92.19	997678	0	0
2013.03.31	92.19	147.00	91.00	142.63	27827213	0	0
2013.04.07	142.63	266.00	54.25	93.00	34001839	0	0
2013.04.14	93.00	136.43	50.01	126.62	21911671	0	0
2013.04.21	126.62	166.44	110.00	128.00	45478943	0	0
2013.04.28	128.00	149.08	79.00	112.90	47640850	0	0
2013.05.05	112.90	124.90	97.52	115.64	54845844	0	0
2013.05.12	115.65	125.56	103.02	123.21	50662254	0	0
2013.05.19	123.21	133.89	113.47	130.75	42849528	0	0
2013.05.26	130.75	136.00	124.00	128.30	35804	0	0
2013.06.02	128.30	130.00	106.25	109.07	32729	0	0
2013.06.09	109.08	111.74	88.00	100.00	38756	0	0
2013.06.16	100.00	115.00	98.90	108.75	21533	0	0
2013.06.23	108.80	109.06	92.25	95.39	16798	0	0
2013.06.30	95.39	98.12	65.51	68.90	19394	0	0
2013.07.07	68.90	102.10	66.62	97.50	18173	0	0
2013.07.14	98.32	101.94	86.20	89.82	61051179	0	0
2013.07.21	89.95	97.48	88.00	94.40	27180500	0	0
2013.07.28	94.20	111.65	94.00	104.95	37377765	0	0
2013.08.04	104.90	107.77	94.50	103.00	38974434	0	0
2013.08.11	103.00	108.85	93.97	97.07	24673236	0	0
2013.08.18	97.07	108.99	96.50	106.14	35021	0	0
2013.08.25	106.14	125.83	106.02	125.70	25459	0	0
2013.09.01	125.70	126.56	111.61	116.99	31943	0	0
2013.09.08	116.70	125.00	114.40	123.10	26130	0	0
2013.09.15	122.71	126.00	119.50	121.20	25511	0	0
2013.09.22	121.20	123.69	119.60	123.30	16298	0	0
2013.09.29	123.64	124.73	75.20	119.02	19090	0	0
2013.10.06	118.83	124.94	118.22	124.67	21777	0	0
2013.10.13	124.93	160.00	124.44	153.40	40703	0	0
2013.10.20	153.53	203.98	152.10	169.50	70279	0	0
2013.10.27	169.30	200.90	168.20	199.16	59948	0	0
2013.11.03	199.16	349.11	198.00	342.10	96013	0	0
2013.11.10	343.89	428.90	254.99	423.30	85347	0	0
2013.11.17	423.20	820.00	376.70	722.67	119272	0	0
2013.11.24	722.67	1090.00	630.00	1047.22	96739	0	0
2013.12.01	1047.21	1077.23	551.00	720.01	118449	0	0
2013.12.08	720.00	970.90	665.10	848.61	85072	0	0
2013.12.15	850.00	870.00	420.00	594.57	148683	0	0
2013.12.22	594.57	761.00	573.01	712.80	101011	0	0
2013.12.29	713.00	827.33	695.00	819.82	70134	0	0
2014.01.05	820.00	990.00	720.10	881.10	111048	0	0
2014.01.12	881.10	898.75	782.98	811.02	96580	0	0
2014.01.19	810.80	841.50	753.10	815.00	78210	0	0
2014.01.26	815.00	830.00	727.11	809.00	77826	0	0
2014.02.02	809.50	815.03	676.10	701.24	56524	0	0
2014.02.09	701.24	729.00	300.00	638.01	83639	0	0
2014.02.16	638.00	648.00	514.15	587.06	81097	0	0
2014.02.23	587.05	629.81	430.12	564.85	101352	0	0
2014.03.02	563.47	698.01	546.00	606.60	73717	0	0
2014.03.09	606.56	641.48	604.43	629.01	40238	0	0
2014.03.16	629.00	630.00	555.73	565.87	86910	0	0
2014.03.23	565.71	590.13	472.00	500.00	75098	0	0
2014.03.30	498.10	500.34	410.00	453.60	123640	0	0
2014.04.06	453.60	471.23	342.80	419.01	108856	0	0
2014.04.13	419.01	544.99	382.42	485.30	96837	0	0
2014.04.20	486.00	505.00	432.20	450.57	57679	0	0
2014.04.27	450.10	453.56	412.94	430.04	67808	0	0
2014.05.04	430.04	445.90	411.40	439.90	49674	0	0
2014.05.11	439.87	445.96	426.76	440.83	33942	0	0
2014.05.18	440.83	539.60	435.29	517.50	53332	0	0
2014.05.25	519.00	614.00	512.81	608.00	66693	0	0
2014.06.01	608.00	667.53	602.00	641.00	70200	0	0
2014.06.08	641.10	649.99	546.33	562.00	52537	0	0
2014.06.15	562.00	609.99	552.78	586.78	48779	0	0
2014.06.22	586.78	604.80	555.99	591.46	38605	0	0
2014.06.29	591.46	654.10	585.00	625.50	55412	0	0
2014.07.06	625.50	636.00	603.70	624.00	39748	0	0
2014.07.13	622.65	627.91	606.10	617.66	27320	0	0
2014.07.20	618.27	619.79	578.59	587.53	32475	0	0
2014.07.27	588.00	598.00	555.00	582.82	43530	0	0
2014.08.03	582.82	594.99	572.40	584.00	31577	0	0
2014.08.10	582.00	589.70	480.00	511.90	63425	0	0
2014.08.17	511.91	528.92	334.00	485.10	89876	0	0
2014.08.24	485.32	517.86	485.00	498.18	45169	0	0
2014.08.31	498.19	499.26	465.63	481.31	45978	0	0
2014.09.07	481.30	484.76	459.70	471.46	37314	0	0
2014.09.14	471.46	472.98	371.12	395.91	66600	0	0
2014.09.21	396.08	446.04	373.74	389.00	58850	0	0
2014.09.28	388.92	394.66	308.60	315.17	53980	0	0
2014.10.05	315.82	381.75	285.01	356.31	81699	0	0
2014.10.12	356.97	408.20	348.30	386.01	57785	0	0
2014.10.19	386.01	388.25	337.82	347.90	44819	0	0
2014.10.26	347.90	358.46	319.14	320.85	45575	0	0
2014.11.02	320.68	350.01	319.10	341.19	42922	0	0
2014.11.09	341.19	454.00	340.12	376.45	76769	0	0
2014.11.16	376.50	405.94	339.67	354.10	59729	0	0
2014.11.23	354.10	389.00	348.42	371.35	50847	0	0
2014.11.30	371.56	382.31	360.44	368.14	33265	0	0
2014.12.07	368.24	371.00	332.51	341.84	39525	0	0
2014.12.14	341.69	346.94	304.05	325.13	53272	0	0
2014.12.21	324.88	334.47	308.00	312.02	42872	0	0
2014.12.28	312.03	318.10	285.60	289.83	41440	0	0
2015.01.04	289.68	301.02	260.00	271.99	67341	0	0
2015.01.11	271.99	278.27	162.68	197.10	125201	0	0
2015.01.18	197.10	247.22	192.57	238.37	74574	0	0
2015.01.25	238.37	303.30	212.20	218.75	99412	0	0
2015.02.01	218.73	240.44	208.01	224.01	71794	0	0
2015.02.08	224.03	255.01	213.19	252.00	46206	0	0
2015.02.15	252.00	265.01	221.75	237.40	58146	0	0
2015.02.22	237.68	252.20	224.98	247.55	42981	0	0
2015.03.01	247.55	283.00	238.00	272.20	61693	0	0
2015.03.08	272.20	299.00	270.18	275.55	48702	0	0
2015.03.15	275.33	290.97	243.00	257.24	52846	0	0
2015.03.22	257.36	269.71	235.40	249.01	60288	0	0
2015.03.29	249.15	253.28	234.08	249.56	46684	0	0
2015.04.05	249.52	258.53	228.62	233.70	42817	0	0
2015.04.12	233.75	234.48	213.99	222.00	42319	0	0
2015.04.19	222.00	236.57	219.46	226.28	36801	0	0
2015.04.26	226.28	243.87	210.86	235.94	54411	0	0
2015.05.03	235.94	247.08	230.11	241.00	34945	0	0
2015.05.10	241.00	245.01	233.35	235.91	33980	0	0
2015.05.17	235.91	242.80	231.81	239.64	26423	0	0
2015.05.24	239.64	243.64	232.86	234.96	29761	0	0
2015.05.31	235.00	235.64	222.33	226.67	30255	0	0
2015.06.07	226.81	234.00	224.89	233.60	23011	0	0
2015.06.14	233.89	256.75	232.85	244.91	56825	0	0
2015.06.21	244.91	249.24	240.10	246.50	36409	0	0
2015.06.28	246.50	269.30	245.33	255.80	51914	0	0
2015.07.05	255.80	298.91	255.80	290.29	87568	0	0
2015.07.12	290.29	310.01	194.92	265.00	75204	0	0
2015.07.19	265.10	288.68	263.99	283.06	40842	0	0
2015.07.26	283.06	290.00	275.60	278.31	39565	0	0
2015.08.02	278.30	282.70	260.77	260.83	39247	0	0
2015.08.09	260.83	269.26	252.00	257.88	44040	0	0
2015.08.16	257.46	258.82	211.05	223.11	56834	0	0
2015.08.23	223.11	230.96	192.55	224.85	82809	0	0
2015.08.30	224.85	231.82	220.75	228.61	56620	0	0
2015.09.06	228.63	245.80	228.32	231.20	55991	0	0
2015.09.13	231.20	234.59	224.80	228.95	41839	0	0
2015.09.20	228.95	236.00	224.00	233.65	43608	0	0
2015.09.27	233.65	237.69	230.82	236.35	44880	0	0
2015.10.04	236.35	245.06	234.90	242.97	48153	0	0
2015.10.11	242.98	272.97	240.30	264.03	88797	0	0
2015.10.18	264.03	274.99	256.88	274.32	58591	0	0
2015.10.25	274.22	321.21	274.00	300.50	82218	0	0
2015.11.01	300.51	459.20	298.00	372.31	130025	0	0
2015.11.08	372.40	379.27	296.00	328.38	80722	0	0
2015.11.15	328.38	335.00	309.00	323.72	74569	0	0
2015.11.22	323.86	366.50	314.90	351.60	89924	0	0
2015.11.29	351.60	379.80	345.00	373.40	101423	0	0
2015.12.06	373.40	452.67	371.50	420.78	111341	0	0
2015.12.13	420.78	460.49	416.33	455.24	102853	0	0
2015.12.20	455.24	457.42	401.16	412.10	99991	0	0
2015.12.27	412.10	434.50	406.14	430.51	107652	0	0
2016.01.03	430.58	454.98	423.12	446.00	82261	0	0
2016.01.10	446.00	447.99	349.82	377.99	103793	0	0
2016.01.17	377.39	425.51	374.75	392.29	118719	0	0
2016.01.24	392.29	402.98	366.50	381.31	108854	0	0
2016.01.31	381.31	392.46	365.16	380.99	107540	0	0
2016.02.07	380.99	393.75	374.09	391.25	97305	0	0
2016.02.14	391.25	439.50	391.20	433.20	108147	0	0
2016.02.21	433.20	444.91	413.40	428.67	110375	0	0
2016.02.28	428.68	437.76	393.99	407.27	110955	0	0
2016.03.06	407.27	422.00	398.54	411.22	90210	0	0
2016.03.13	411.22	418.00	404.52	407.89	97541	0	0
2016.03.20	407.89	418.15	407.28	415.50	103729	0	0
2016.03.27	415.50	426.24	408.32	415.86	109315	0	0
2016.04.03	415.67	420.95	411.95	415.50	114533	0	0
2016.04.10	415.50	429.00	414.44	427.20	110348	0	0
2016.04.17	427.22	444.29	419.95	439.33	105856	0	0
2016.04.24	439.33	462.17	435.91	448.46	125847	0	0
2016.05.01	448.46	455.00	439.86	452.11	132297	0	0
2016.05.08	452.11	457.95	446.29	455.00	110594	0	0
2016.05.15	455.00	459.00	434.86	441.32	110527	0	0
2016.05.22	441.32	495.92	437.62	495.92	115060	0	0
2016.05.29	495.92	577.99	489.08	560.00	125997	0	0
2016.06.05	560.00	583.79	553.26	567.70	108590	0	0
2016.06.12	567.70	744.40	567.20	726.00	132206	0	0
2016.06.19	725.93	734.52	522.42	631.76	148905	0	0
2016.06.26	631.76	678.00	600.40	677.10	131604	0	0
2016.07.03	677.10	687.80	589.58	630.90	139515	0	0
2016.07.10	630.90	659.00	626.42	647.12	122683	0	0
2016.07.17	647.12	669.00	640.20	649.40	99231	0	0
2016.07.24	648.00	656.50	641.01	647.00	108525	0	0
2016.07.31	647.00	649.00	471.10	580.00	122119	0	0
2016.08.07	580.00	595.40	578.23	583.39	117412	0	0
2016.08.14	583.39	584.12	556.66	577.00	143914	0	0
2016.08.21	577.00	596.28	567.03	569.49	113176	0	0
2016.08.28	569.49	604.33	568.63	603.00	109526	0	0
2016.09.04	601.98	626.77	594.85	624.05	33170	0	0
2016.09.11	623.50	627.11	592.50	605.00	59025	0	0
2016.09.18	605.00	614.00	590.00	602.00	133564	0	0
2016.09.25	602.01	610.89	598.75	610.01	116507	0	0
2016.10.02	610.00	618.00	605.00	615.60	113463	0	0
2016.10.09	615.61	642.03	612.00	637.51	131506	0	0
2016.10.16	637.51	657.00	622.50	650.00	182639	0	0
2016.10.23	650.00	711.58	647.20	711.57	257073	0	0
2016.10.30	711.58	730.00	678.01	698.40	290604	0	0
2016.11.06	698.40	717.77	688.44	702.44	176702	0	0
2016.11.13	702.24	744.69	685.57	739.28	194358	0	0
2016.11.20	739.28	745.00	715.00	735.13	194781	0	0
2016.11.27	735.13	773.00	726.12	757.96	186946	0	0
2016.12.04	757.97	769.95	743.00	768.61	221288	0	0
2016.12.11	768.41	780.00	757.70	778.41	170845	0	0
2016.12.18	778.40	899.40	775.01	874.00	143217	0	0
2016.12.25	874.00	945.72	822.80	926.00	171653	0	0
2017.01.01	926.01	1095.78	777.96	841.58	244391	0	0
2017.01.08	841.58	898.00	752.00	805.50	204978	0	0
2017.01.15	805.50	913.30	802.18	894.10	47731	0	0
2017.01.22	903.62	921.90	879.80	912.50	62928	0	0
2017.01.29	912.45	1019.70	905.00	1003.13	56116	0	0
2017.02.05	1003.13	1071.80	931.60	994.13	71734	0	0
2017.02.12	994.13	1060.80	973.20	1036.76	68078	0	0
2017.02.19	1036.76	1217.70	1021.63	1135.00	82970	0	0
2017.02.26	1135.00	1291.50	1127.58	1256.52	98150	0	0
2017.03.05	1256.52	1343.40	972.50	1160.00	127744	0	0
2017.03.12	1160.00	1257.00	972.70	973.43	109890	0	0
2017.03.19	973.44	1147.00	905.00	956.40	127313	0	0
2017.03.26	956.40	1096.00	956.40	1069.79	98844	0	0
2017.04.02	1069.39	1198.90	1068.02	1169.99	99142	0	0
2017.04.09	1169.54	1225.46	1138.03	1180.16	163573	0	0
2017.04.16	1180.16	1249.30	1158.01	1223.99	152161	0	0
2017.04.23	1223.99	1344.51	1212.53	1295.69	154523	0	0
2017.04.30	1295.69	1620.01	1284.73	1466.83	144878	0	0
2017.05.07	1466.83	1889.64	1463.99	1695.65	191819	919999999999907986	0
2017.05.14	1695.46	1993.99	1638.61	1992.09	161206	1125199999999887467	0
2017.05.21	1992.09	2754.73	1736.92	1929.99	179636	1290299999999870894	0
2017.05.28	1929.99	2497.99	1855.01	2474.99	201694	1536739999999846279	0
2017.06.04	2474.99	2927.99	2410.00	2779.50	237254	1714129999999828475	0
2017.06.11	2779.50	2974.99	2115.49	2553.58	274763	1966839999999803284	0
2017.06.18	2550.00	2783.98	2420.13	2566.98	237859	1897179999999810261	0
2017.06.25	2570.89	2632.78	2286.43	2354.84	224113	1847739999999815202	0
2017.07.02	2354.91	2634.26	2328.74	2506.91	247833	2029219999999797030	0
2017.07.09	2506.90	2535.18	2143.73	2150.43	227396	1993869999999800406	0
2017.07.16	2146.94	2931.35	1846.90	2629.62	171487	1714249999999827460	1000
2017.07.23	2631.57	2818.98	2396.00	2747.51	170225	1694009999999830425	0
2017.07.30	2747.52	2924.06	2610.01	2832.57	163322	1630229999999836870	0
2017.08.06	3247.46	3566.79	3181.50	3563.11	188524	1853489999999813933	0
2017.08.13	3563.12	4471.03	3563.12	4008.25	202537	2008819999999795366	0
2017.08.20	4063.57	4443.92	3595.50	4317.21	222273	2209059999999773772	0
2017.08.27	4342.91	4924.93	4163.50	4865.43	192798	1918669999999798606	0
2017.09.03	4519.27	4673.96	3995.94	4225.60	218974	2183419999999779909	1200
2017.09.10	4253.44	4369.38	2966.00	3711.54	247496	2469579999999749360	1500
2017.09.17	3711.54	4115.11	3506.52	3605.06	226287	2262249999999773705	1500
2017.09.24	3661.41	4262.41	3650.89	4171.10	219505	2194949999999780479	1500
2017.10.01	4171.10	4445.50	4130.47	4326.45	218850	2164509999999783492	0
2017.10.08	4564.57	5838.93	4534.35	5600.34	235344	2351549999999758619	1500
2017.10.15	5495.49	6065.37	5097.00	5953.71	219757	2183999999999757276	0
2017.10.22	5923.80	6036.50	5351.54	5739.85	28709936	2185779999999771911	0
2017.10.29	6186.45	7470.50	5993.95	7218.51	30576089	2080989999999780277	0
2017.11.05	7323.70	7881.40	6389.05	6591.01	50287769	2018009999999792299	0
2017.11.12	5776.35	8021.50	5536.90	7708.28	50058640	1984549999999797065	0
2017.11.19	8002.50	8363.05	7754.00	8229.30	34046105	0	0
2017.11.26	9379.30	11421.50	8813.10	10882.23	108220178	0	0
2017.12.03	10858.50	17152.50	10248.00	15544.51	145048103	0	0
2017.12.10	14349.50	18057.02	14120.47	17364.11	134488746	0	0
2017.12.17	18864.50	19470.00	10630.00	14165.02	218026113	0	0
2017.12.24	13468.00	16460.51	12030.00	12958.12	119328518	0	0
2017.12.31	12958.13	17069.99	12745.00	16823.00	103536180	0	0
2018.01.07	16823.00	16946.99	12595.50	14150.41	149945242	0	0
2018.01.14	14150.41	14362.01	9187.60	12883.01	143077608	0	0
2018.01.21	12883.01	12915.53	9860.50	11533.38	110878712	0	0
2018.01.28	11533.40	11969.10	7605.26	9125.85	83843302	0	0
2018.02.04	9125.91	9330.00	5900.72	8253.76	118249086	0	0
2018.02.11	8251.01	10852.58	7798.00	10843.00	57465638	0	0
2018.02.18	10843.00	11759.99	9352.00	9490.00	77419476	0	0
2018.02.25	9490.00	11481.00	9255.42	11263.04	56878953	0	0
2018.03.04	11263.14	11667.57	8305.20	8792.98	72330165	0	0
2018.03.11	8792.98	9871.99	7622.50	7830.00	71671061	0	0
2018.03.18	7830.00	9167.00	7305.37	8894.80	50443811	0	0
2018.03.25	8894.80	8894.80	6498.00	6860.90	49073887	0	0
2018.04.01	6860.90	7479.00	6400.00	6995.20	33714015	0	0
2018.04.08	6989.80	8219.00	6570.25	8071.50	41561899	0	0
2018.04.15	8071.50	8550.00	7785.60	8516.50	27023017	0	0
2018.04.22	8864.99	9753.00	8609.10	8967.00	48132742	0	0
2018.04.29	9099.47	9798.00	8785.21	9684.00	26691650	0	0
2018.05.06	9255.24	9639.00	8341.97	8428.50	34215378	0	0
2018.05.13	8434.95	8880.00	7876.72	8222.00	34311114	0	0
2018.05.20	8504.53	8580.00	7214.02	7441.90	30372687	0	0
2018.05.27	7273.05	7604.00	6998.80	7440.40	22900556	0	0
2018.06.03	7675.48	7752.00	7304.28	7647.50	18487995	0	0
2018.06.10	6666.30	6903.00	6076.47	6493.50	26890966	0	0
2018.06.17	6451.56	6828.50	5970.89	6058.68	24310663	0	0
2018.06.24	6147.79	6336.50	5748.83	5898.39	18283905	0	0
2018.07.01	6314.61	6798.00	6237.59	6574.00	21356910	0	0
2018.07.08	6709.37	6807.50	6042.81	6182.00	19004958	0	0
2018.07.15	6339.38	7681.50	6289.64	7351.30	32592238	0	0
2018.07.22	7491.21	8479.99	7294.93	8237.00	36493493	0	0
2018.07.29	8158.08	8282.74	7245.08	7387.00	27847149	0	0
2018.08.05	7015.94	7154.49	6090.55	6376.94	32348660	0	0
2018.08.12	6376.54	6620.74	5831.44	6321.48	39092016	0	0
2018.08.19	6321.48	6864.49	6194.12	6676.69	30347779	0	0
2018.08.26	6676.09	7232.78	6521.66	7153.97	25694242	0	0
2018.09.02	7155.66	7393.75	6083.74	6140.28	33083052	0	0
2018.09.09	6140.48	6571.50	6106.22	6495.69	22494263	0	0
2018.09.16	6495.19	6955.25	6064.27	6688.58	30688467	0	0
2018.09.23	6687.88	6788.57	6293.61	6559.72	23607872	0	0
2018.09.30	6559.72	6676.59	6388.51	6560.32	19227979	0	0
2018.10.07	6560.02	6690.38	6051.97	6274.83	16261325	0	0
2018.10.14	6274.93	7666.80	6154.08	6543.64	39077979	0	0
2018.10.21	6543.64	6625.56	6361.87	6451.74	10100109	0	0
2018.10.28	6451.54	6473.91	6190.15	6348.95	11710081	0	0
2018.11.04	6346.25	6577.70	6307.17	6416.28	10904528	0	0
2018.11.11	6416.28	6463.83	5192.74	5574.90	29334392	0	0
2018.11.18	5574.90	5709.96	3922.27	3992.89	48413284	0	0
2018.11.25	3992.89	4467.66	3513.64	4251.30	45519012	0	0
2018.12.02	4251.40	4350.79	3202.14	3336.71	35554258	0	0
2018.12.09	3336.71	3770.03	3134.39	3230.92	22649696	0	0
2018.12.16	3279.77	4282.67	3175.99	4018.06	33378492	0	0
2018.12.23	4017.86	4366.57	3562.89	4052.42	29472919	0	0
2018.12.30	4052.52	4082.59	3695.39	3946.54	17539854	0	0
2019.01.06	3944.24	4200.16	3548.39	3695.71	22026095	0	0
2019.01.13	3695.71	3852.14	3485.14	3761.04	15146128	0	0
2019.01.20	3761.04	3779.32	3418.08	3619.50	14401900	0	0
2019.01.27	3619.60	3628.98	3322.50	3507.62	11121726	0	0
2019.02.03	3508.02	3782.92	3331.78	3700.21	11274169	0	0
2019.02.10	3696.71	3733.77	3532.14	3688.22	9116019	0	0
2019.02.17	3685.83	4241.81	3583.89	4200.56	19305997	0	0
2019.02.24	4200.56	4269.18	3647.09	3897.19	18274518	0	0
2019.03.03	3897.19	4032.05	3669.09	3981.40	12191825	0	0
2019.03.10	3981.20	4139.63	3776.80	4068.31	10680825	0	0
2019.03.17	4068.31	4132.93	3909.69	4039.04	8398094	0	0
2019.03.24	4038.44	4196.86	3845.19	4146.32	8862820	0	0
2019.03.31	4146.82	5337.76	4049.86	5101.17	32509963	0	0
2019.04.07	5103.77	5473.36	4897.43	5101.97	27440056	0	0
2019.04.14	5101.87	5387.05	4938.23	5331.12	15945917	0	0
2019.04.21	5331.12	5660.35	4945.48	5425.11	23306928	0	0
2019.04.28	5425.21	6159.70	5066.94	6007.17	23356327	0	0
2019.05.05	6004.57	6949.83	5560.21	6928.66	30382858	0	0
2019.05.12	6928.56	8387.46	6504.33	7280.37	68604070	0	0
2019.05.19	7278.57	8313.45	7221.63	8003.57	49257325	0	0
2019.05.26	8003.57	9085.28	7862.03	8518.11	55310375	0	0
2019.06.02	8518.70	8806.69	7413.00	7857.73	51599230	0	0
2019.06.09	7858.13	8885.90	7483.15	8773.72	41382428	0	0
2019.06.16	8773.72	11200.25	8744.36	10676.83	61036798	0	0
2019.06.23	10675.83	13849.59	10229.10	12148.21	102194282	0	0
2019.06.30	12148.21	12214.14	9618.36	11472.95	112456412	0	0
2019.07.07	11468.96	13183.53	10809.68	10863.62	99724328	0	0
2019.07.14	10862.62	11378.06	9026.89	10892.59	115222048	0	0
2019.07.21	10894.59	11065.40	9277.37	9433.20	65989218	0	0
2019.07.28	9428.20	10878.61	9091.57	10867.62	51312183	0	0
2019.08.04	10869.62	12322.34	10493.03	11315.13	82106998	0	0
2019.08.11	11316.12	11589.82	9470.15	10063.50	69938613	0	0
2019.08.18	10064.50	10951.84	9749.15	10062.40	37061738	0	0
2019.08.25	10061.40	10658.75	9265.84	9671.03	54570236	0	0
2019.09.01	9670.14	10939.34	9543.97	10532.89	49141207	0	0
2019.09.08	10529.89	10585.83	9808.68	10402.03	43393463	0	0
2019.09.15	10403.03	10406.03	9597.34	9980.80	33556485	0	0
2019.09.22	9981.20	10092.88	7704.84	8184.08	65341315	0	0
2019.09.29	8184.08	8529.80	7692.67	8111.96	41106450	0	0
2019.10.06	8107.17	8806.94	7759.25	8350.80	40208468	0	0
2019.10.13	8349.60	8467.57	7786.10	7972.12	27988646	0	0
2019.10.20	7972.02	10467.47	7250.42	9132.04	74863920	0	0
2019.10.27	9130.94	9937.75	8943.60	9331.32	54963729	0	0
2019.11.03	9331.42	9611.31	8633.60	8799.60	35790991	0	0
2019.11.10	8799.70	9172.99	8318.10	8514.02	31230396	0	0
2019.11.17	8511.82	8655.36	6752.60	7309.65	45805961	0	0
2019.11.24	7309.75	7908.09	6518.60	7573.36	55890397	0	0
2019.12.01	7574.45	7868.43	7076.74	7527.61	39746523	0	0
2019.12.08	7524.91	7691.53	7029.05	7102.47	24013907	0	0
2019.12.15	7098.68	7469.67	6391.04	7155.32	32641534	0	0
2019.12.22	7155.12	7706.51	7035.29	7349.70	28893392	0	0
2019.12.29	7350.10	7543.19	6851.79	7362.39	23865815	0	0
2020.01.05	7362.29	8452.40	7294.41	8082.49	42745350	0	0
2020.01.12	8081.00	9010.28	7942.95	8895.10	32091017	0	0
2020.01.19	8895.00	9159.31	8209.79	8381.67	38499368	0	0
2020.01.26	8381.86	9566.78	8291.86	9382.46	33610063	0	0
2020.02.02	9382.76	9909.78	9037.79	9888.21	35433674	0	0
2020.02.09	9888.31	10502.78	9686.28	9922.73	43071516	0	0
2020.02.16	9922.53	10307.29	9266.29	9683.88	50712725	0	0
2020.02.23	9683.29	10026.29	8422.79	8632.96	50241352	0	0
2020.03.01	8633.00	9189.97	8421.01	8879.75	31528231	0	0
2020.03.08	8879.73	8922.16	3771.79	5361.59	105209033	0	0
2020.03.15	5361.60	6917.99	4417.29	6334.24	96080339	0	0
2020.03.22	6334.13	6980.47	5658.09	6255.30	54769064	0	0
2020.03.29	6256.59	7261.11	5722.29	6848.39	51747148	0	0
2020.04.05	6850.09	7468.61	6682.62	6804.51	37964310	0	0
2020.04.12	6804.37	7275.88	6466.05	7233.63	38831132	0	0
2020.04.19	7233.53	7762.67	6747.86	7540.29	37683310	0	0
2020.04.26	7538.39	9470.07	7465.27	8917.08	53295208	0	0
2020.05.03	8917.08	10066.89	8509.42	9636.88	55921499	0	0
2020.05.10	9640.38	9926.96	8092.18	9370.48	81744959	0	0
2020.05.17	9372.07	9942.49	8785.19	9220.54	55047205	0	0
2020.05.24	9220.34	9618.90	8616.51	9429.61	42831091	0	0
2020.05.31	9432.11	10379.56	9187.28	9689.52	50386971	0	0
2020.06.07	9690.22	10003.76	9001.74	9398.84	41024578	0	0
2020.06.14	9398.94	9586.59	8894.74	9323.73	33801382	0	0
2020.06.21	9323.83	9783.52	8845.25	8946.04	33165616	0	0
2020.06.28	8946.14	9299.17	8928.69	9129.84	21217468	0	0
2020.07.05	9129.24	9479.56	8892.44	9214.95	23981604	0	0
2020.07.12	9214.95	9353.49	9024.14	9182.48	16928486	0	0
2020.07.19	9180.79	9742.47	9107.57	9725.78	20205360	0	0
2020.07.26	9726.28	11825.97	9665.85	11809.99	65410869	0	0
2020.08.02	11812.99	12081.69	10537.39	11696.12	62970107	0	0
2020.08.09	11695.12	12077.58	11110.43	11869.92	47555392	0	0
2020.08.16	11869.92	12475.26	11379.46	11599.22	43941699	0	0
2020.08.23	11600.22	11830.97	11123.86	11526.30	32761830	0	0
2020.08.30	11525.30	12060.91	9914.58	10111.86	62753086	0	0
2020.09.06	10107.86	10500.43	9861.06	10443.49	42535746	0	0
2020.09.13	10445.49	11171.69	10219.74	11094.78	37264922	0	0
2020.09.20	11091.78	11096.94	10136.86	10725.18	36965295	0	0
2020.09.27	10726.18	10971.91	10268.73	10397.72	29938956	0	0
2020.10.04	10520.16	11098.53	10412.57	10905.23	18013539	0	0
2020.10.11	11220.83	11716.28	11091.10	11189.72	27761743	0	0
2020.10.18	11344.24	13192.81	11335.58	12872.04	35203410	0	0
2020.10.25	12901.03	13849.64	12691.99	13500.59	52577903	0	0
2020.11.01	13687.98	15924.17	13097.03	15470.72	56681447	0	0
2020.11.08	15509.71	16482.00	14817.31	16279.71	625213	0	0
2020.11.15	15913.47	18811.18	15777.21	18573.90	531190	0	0
2020.11.22	18575.54	19474.55	16243.73	17014.49	649785	0	0
2020.11.29	18135.02	19929.05	18063.92	19003.07	742782	0	0
2020.12.06	19136.92	19437.59	17565.42	18863.22	535749	0	0
2020.12.13	18805.32	24095.46	18701.40	23934.64	660333	0	0
2020.12.20	23418.21	26690.60	21889.89	26321.01	562272	0	0
2020.12.27	26489.82	33253.38	25784.60	32132.61	719942	0	0
2021.01.03	32204.35	41917.83	28290.13	40286.63	1162431	0	0
2021.01.10	40155.78	41336.47	30331.21	36123.22	1006961	0	0
2021.01.17	35954.40	37894.27	28824.93	32048.70	1097423	0	0
2021.01.24	32061.69	38655.43	29204.36	34570.93	1268552	0	0
2021.01.31	34157.38	40938.91	32192.54	40022.92	1214121	0	0
2021.02.07	39190.84	48919.35	37315.90	47030.20	1045208	0	0
2021.02.14	47141.08	57415.76	45654.30	55303.09	587775	0	0
2021.02.21	55760.59	58247.85	43976.56	45861.49	1243547	0	0
2021.02.28	46161.28	52570.01	43123.50	48871.17	1153933	0	0
2021.03.07	48899.14	61619.13	48899.14	61051.76	641883	0	0
2021.03.14	61124.68	61620.13	53228.63	58409.67	1079155	0	0
2021.03.21	58651.40	58679.37	48000.00	55846.49	818137	0	0
2021.03.28	56396.88	60117.79	54721.35	57897.23	484760	0	0
2021.04.04	57533.63	61151.65	55432.77	58800.24	435176	0	0
2021.04.11	59130.87	64814.31	59013.00	60713.13	527451	0	0
2021.04.18	60559.30	60664.19	47435.31	50884.95	769528	0	0
2021.04.25	50884.95	57907.22	47013.34	57587.57	660824	0	0
2021.05.02	57338.85	58899.04	52843.49	58047.07	502475	0	0
2021.05.09	58829.21	59518.45	45809.95	49351.64	631153	0	0
2021.05.16	46914.33	49810.14	29320.56	38114.02	1361585	0	0
2021.05.23	38218.90	40826.03	31190.64	34024.52	940641	0	0
2021.05.30	34598.89	39432.57	33325.29	35957.39	657735	0	0
2021.06.06	34940.51	38278.84	31004.64	36026.32	671810	0	0
2021.06.13	35804.56	41221.60	34757.71	36157.17	735857	0	0
2021.06.20	35888.47	36152.18	29054.99	31244.58	1608577	0	0
2021.06.27	31473.33	36564.77	31457.35	34659.83	778828	0	0
2021.07.04	34541.96	35936.80	31984.76	33265.36	598127	0	0
2021.07.11	33373.24	34616.87	30950.86	31734.05	453895	0	0
2021.07.18	31683.11	34488.02	29247.99	33919.64	612300	0	0
2021.07.25	34090.45	42322.39	33853.71	41491.30	1118463	0	0
2021.08.01	41900.85	44502.99	37209.04	43890.66	666948	0	0
2021.08.08	43485.11	47847.31	42672.60	46573.71	586059	0	0
2021.08.15	46985.25	49732.23	43861.02	48888.16	509935	0	0
2021.08.22	49122.90	50489.40	46259.05	48664.41	430249	0	0
2021.08.29	48914.13	51001.83	46456.22	50124.80	421926	0	0
2021.09.05	50156.76	52864.33	43008.87	45259.16	568170	0	0
2021.09.12	45352.05	48621.45	43403.79	47941.20	475363	0	0
2021.09.19	47824.33	48316.79	39558.20	42733.20	980022	0	0
2021.09.26	42699.00	48480.70	40755.00	48030.10	766354	0	0
2021.10.03	48099.30	56091.00	46931.17	54590.50	712774	0	0
2021.10.10	54850.90	62863.50	53954.35	61007.76	861885	0	0
2021.10.17	60661.40	66997.10	58928.50	61034.85	1145666	0	0
2021.10.24	61032.48	63717.60	57849.94	61739.90	833166	0	0
2021.10.31	61457.60	64308.51	59503.15	61206.08	644077	0	0
2021.11.07	61468.05	69040.73	61320.26	64219.45	427614	0	0
2021.11.14	64258.35	66339.92	55610.77	59620.01	557704	0	0
2021.11.21	59718.01	60055.06	53514.41	54598.09	552992	0	0
2021.11.28	54892.67	59243.84	41713.08	48806.06	512286	0	0
2021.12.05	49252.66	51955.22	46755.21	48793.05	535836	0	0
2021.12.12	48832.20	50792.51	45430.51	46928.88	492406	0	0
2021.12.19	46824.42	51910.29	45560.41	51006.27	410788	0	900
2021.12.26	50600.59	52116.19	45640.00	47288.44	406998	0	900
2022.01.02	47348.01	48007.87	40505.32	41787.71	478105	0	900
2022.01.09	41886.84	44455.12	39640.02	43270.01	428007	0	900
2022.01.16	43333.46	43508.06	36119.51	36622.51	417287	0	900
2022.01.23	34876.26	38922.58	32915.51	38471.19	525573	0	900
2022.01.30	38095.79	40918.61	36265.48	40604.26	386419	0	900
2022.02.06	41633.76	45839.21	41123.40	41804.22	466613	0	900
2022.02.13	42150.79	44774.57	39428.88	39930.76	391392	0	900
2022.02.20	40004.34	40287.76	34319.63	39433.67	602305	0	900
2022.02.27	38982.51	45295.01	36986.11	39409.26	529414	0	900
2022.03.06	39351.50	42581.79	37152.76	39098.76	407752	0	900
2022.03.13	39119.91	42389.87	37527.42	42324.45	326608	0	900
2022.03.20	42084.22	45133.76	40500.00	44589.26	344390	0	900
2022.03.27	44415.01	48230.76	44210.36	46227.13	380251	0	0
2022.04.03	46283.64	47446.23	42105.22	42454.63	445633	0	900
2022.04.10	42565.18	43433.76	39174.01	40347.73	413712	0	900
2022.04.17	40556.71	42992.21	38533.22	39802.01	384096	0	900
2022.04.24	39856.78	40801.41	37676.76	38314.26	451912	0	900
2022.05.01	38226.31	40028.00	35227.31	35784.00	492062	0	900
2022.05.08	35185.92	35745.81	25277.01	29314.01	792810	0	900
2022.05.15	29594.81	31393.13	28598.56	29352.51	572951	0	900
2022.05.22	29338.13	30640.26	27958.39	28994.01	512316	0	900
2022.05.29	28942.66	32372.76	28805.51	29710.01	453922	0	900
2022.06.05	29828.02	31736.26	28070.70	28443.14	530864	0	900
2022.06.12	28520.54	28651.51	17573.37	17632.01	929192	0	900
2022.06.19	18517.26	21699.23	17915.13	21201.51	764558	0	900
2022.06.26	21469.63	21865.01	18582.78	19237.50	618449	0	900
2022.07.03	19327.21	22479.80	18748.31	21660.50	691685	0	900
2022.07.10	21689.07	21733.29	18900.19	21144.38	997120	0	600
2022.07.17	21156.66	24269.06	20744.05	22324.61	1181139	0	600
2022.07.24	22262.90	24678.38	20718.30	23953.88	1039183	0	600
2022.07.31	23580.65	24183.33	22381.84	23154.71	955309	0	600
2022.08.07	23182.28	24914.64	22652.50	24493.53	852467	0	600
2022.08.14	24477.87	25206.69	20774.42	20820.30	1065056	0	600
2022.08.21	21180.19	21899.53	19761.00	19959.88	963975	0	600
2022.08.28	19886.39	20566.51	19508.82	19723.48	1025887	0	900
2022.09.04	19761.73	21665.35	18513.17	21383.03	967537	0	900
2022.09.11	21644.48	22779.99	19320.80	20058.83	1159568	0	900
2022.09.18	20035.30	20136.71	18139.05	19136.96	1207416	0	900
2022.09.25	18915.66	20374.00	18464.19	19247.21	1172742	0	900
2022.10.02	19278.36	20462.75	18911.50	19440.03	991071	0	900
2022.10.09	19280.34	19943.93	18103.96	19091.58	1260135	0	900
2022.10.16	19052.66	19697.46	18636.00	19211.98	1199991	0	900
2022.10.23	19188.76	21072.95	19062.66	20855.88	1257950	0	900
2022.10.30	20835.64	21470.76	20026.86	21345.13	1143716	0	900
2022.11.06	21317.40	21357.53	15531.26	16789.25	1663963	0	900
2022.11.13	16793.75	17156.81	15783.50	16648.25	1383963	0	900
2022.11.20	16737.44	16790.75	15444.42	16504.75	1252468	0	900
2022.11.27	16437.75	17300.41	15994.75	16938.00	780899	0	900
2022.12.04	16907.75	17431.67	16680.75	17131.50	748694	0	900
2022.12.11	17141.50	18375.75	16521.81	16693.75	850850	0	900
2022.12.18	16734.65	17054.25	16246.80	16817.35	752617	0	900
2022.12.25	16807.64	16960.05	16327.50	16541.15	160752	0	900
2023.01.01	16497.35	17025.10	16478.65	16933.05	158970	0	900
2023.01.08	16924.90	21493.26	16900.55	20874.55	557905	0	900
2023.01.15	21063.15	23367.50	20396.24	23180.25	970889	0	900
2023.01.22	22942.56	23816.62	22309.59	23004.00	889325	0	900
2023.01.29	22974.50	24256.50	22479.56	23413.25	868918	0	900
2023.02.05	23422.75	23444.25	21462.99	21829.00	741552	0	900
2023.02.12	21833.75	25253.63	21360.25	24622.00	944406	0	900
2023.02.19	24636.50	25266.75	22707.00	22880.95	1399365	0	900
2023.02.26	23138.95	24014.29	21968.90	22200.75	767583	0	900
2023.03.05	22326.50	22655.25	19552.12	20492.25	896914	0	900
2023.03.12	20526.25	27833.80	20417.51	27425.30	1124805	0	900
2023.03.19	27283.25	28943.67	26647.61	27384.50	948988	0	1200
2023.03.26	27473.53	29171.67	26500.00	28468.50	699329	0	1200
2023.04.02	28499.50	28791.99	27365.19	27941.25	647921	0	1200
2023.04.09	27924.31	31053.25	27808.25	30322.00	761423	0	1200
2023.04.16	30312.50	30579.00	27128.25	27667.75	835233	0	1200
2023.04.23	27668.63	30018.27	26939.97	29226.25	926141	0	1200
2023.04.30	29228.00	29961.75	27690.00	28847.75	857477	0	1200
2023.05.07	28835.50	29184.00	25800.00	26908.25	1017481	0	1200
2023.05.14	26878.50	27680.00	26346.96	27016.51	768373	0	1200
2023.05.21	27026.75	27491.50	25844.20	26739.75	776542	0	1200
2023.05.28	26787.50	28460.25	26502.25	27072.25	786987	0	1200
2023.06.04	27043.25	27466.50	25341.50	25791.50	807661	0	1200
2023.06.11	25789.25	26805.00	24751.08	26529.00	1287209	0	1200
2023.06.18	26530.50	31424.00	26243.80	30561.61	1793909	0	1200
2023.06.25	30538.14	31264.15	29438.24	30579.15	1848887	0	1200
2023.07.02	30570.91	31544.65	29678.71	30131.95	402964	0	1200
2023.07.09	30145.65	31833.64	29873.35	30288.95	410491	0	1200
2023.07.16	30265.05	30432.67	29398.84	29819.25	331688	0	1200
2023.07.23	29811.09	30354.62	28844.75	29312.65	235501	0	1200
2023.07.30	29346.05	30026.14	28544.35	29035.55	252493	0	1200
2023.08.06	29047.79	30234.70	28680.26	29406.75	205099	0	1200
2023.08.13	29404.85	29680.65	24665.20	26045.45	325611	0	1200
2023.08.20	26033.55	26799.95	25282.64	26015.65	321538	0	1200
2023.08.27	26020.62	28147.34	25306.85	25822.85	346524	0	0
2023.09.03	25828.45	26430.25	25332.09	25849.85	257164	0	0
2023.09.10	25868.15	26878.22	24884.09	26508.55	454804	0	0
2023.09.17	26552.51	27470.83	26357.14	26565.95	351643	0	0
2023.09.24	26555.05	27301.86	25974.05	27052.45	325328	0	0
2023.10.01	26989.18	28593.95	26933.05	27904.25	480895	0	0
2023.10.08	27930.75	28075.95	26519.05	26824.35	450973	0	0
2023.10.15	26808.79	30580.84	26785.75	29974.22	443213	0	0
2023.10.22	30005.85	35595.00	29604.95	34113.55	839081	0	0
2023.10.29	34169.34	35992.90	33934.50	34748.95	585088	0	0
2023.11.05	34844.05	38176.35	34373.24	36977.00	826994	0	0
2023.11.12	36879.32	37992.95	34548.84	36549.95	833360	0	0
2023.11.19	36518.83	38418.95	35605.11	37761.05	741901	0	0
2023.11.26	37735.65	39891.65	36694.05	39646.15	573604	0	0
2023.12.03	39349.31	44773.25	39249.25	44011.95	673072	0	0
2023.12.10	43919.95	44093.35	40227.40	42315.55	725184	0	1200
2023.12.17	42318.87	44462.54	40553.95	43794.85	752223	0	1200
2023.12.24	43783.68	43988.65	41283.20	42299.85	645536	0	1200
2023.12.31	42213.41	45935.76	40331.45	43841.15	969005	0	1200
2024.01.07	43777.25	49005.71	41367.95	42918.45	1232579	0	1200
2024.01.14	42950.95	43578.55	40294.05	41761.85	834130	0	1200
2024.01.21	41785.45	42227.95	38542.51	42112.35	795309	0	1200
2024.01.28	42082.20	43880.85	41594.05	42864.05	305574	0	1200
